ticker symbol;isin;security name;currency;note;
PEMÁP_2025/X;;Prémium Euró Magyar Állampapír 2025/X;EUR;JSON feed url: https://cdn.statically.io/gh/havasd/pp-data/main/mak/pemap_2025_x_eur.json
PEMÁP_2025/Y;;Prémium Euró Magyar Állampapír 2025/Y;EUR;JSON feed url: https://cdn.statically.io/gh/havasd/pp-data/main/mak/pemap_2025_y_eur.json
EMÁP_2026/U;;Euro Magyar Állampapír 2026/U;EUR;JSON feed url: https://cdn.statically.io/gh/havasd/pp-data/main/mak/emap_2026_u_eur.json
PEMÁP_2026/X;;Prémium Euró Magyar Állampapír 2026/X;EUR;JSON feed url: https://cdn.statically.io/gh/havasd/pp-data/main/mak/pemap_2026_x_eur.json
PEMÁP_2027/X;;Prémium Euró Magyar Állampapír 2027/X;EUR;JSON feed url: https://cdn.statically.io/gh/havasd/pp-data/main/mak/pemap_2027_x_eur.json
EMÁP_2027/U;;Euro Magyar Állampapír 2027/U;EUR;JSON feed url: https://cdn.statically.io/gh/havasd/pp-data/main/mak/emap_2027_u_eur.json
PEMÁP_2028/X;;Prémium Euró Magyar Állampapír 2028/X;EUR;JSON feed url: https://cdn.statically.io/gh/havasd/pp-data/main/mak/pemap_2028_x_eur.json
PEMÁP_2028/Y;;Prémium Euró Magyar Állampapír 2028/Y;EUR;JSON feed url: https://cdn.statically.io/gh/havasd/pp-data/main/mak/pemap_2028_y_eur.json
EMÁP_2028/U;;Euro Magyar Állampapír 2028/U;EUR;JSON feed url: https://cdn.statically.io/gh/havasd/pp-data/main/mak/emap_2028_u_eur.json
1MÁP_K2025/21;;Egyéves Magyar Állampapír K2025/21;HUF;JSON feed url: https://cdn.statically.io/gh/havasd/pp-data/main/mak/1map_k2025_21.json
1MÁP_K2025/22;;Egyéves Magyar Állampapír K2025/22;HUF;JSON feed url: https://cdn.statically.io/gh/havasd/pp-data/main/mak/1map_k2025_22.json
1MÁP_K2025/23;;Egyéves Magyar Állampapír K2025/23;HUF;JSON feed url: https://cdn.statically.io/gh/havasd/pp-data/main/mak/1map_k2025_23.json
PMÁP_2025/J;;Prémium Magyar Állampapír 2025/J;HUF;JSON feed url: https://cdn.statically.io/gh/havasd/pp-data/main/mak/pmap_2025_j.json
KTV_2025/B;;Magyar Államkötvény 2025/B;HUF;JSON feed url: https://cdn.statically.io/gh/havasd/pp-data/main/mak/ktv_2025_b.json
BMÁP_2025/N;;Bónusz Magyar Állampapír 2025/N;HUF;JSON feed url: https://cdn.statically.io/gh/havasd/pp-data/main/mak/bmap_2025_n.json
KTV_2025/C;;Magyar Államkötvény 2025/C;HUF;JSON feed url: https://cdn.statically.io/gh/havasd/pp-data/main/mak/ktv_2025_c.json
PMÁP_2026/J;;Prémium Magyar Állampapír 2026/J;HUF;JSON feed url: https://cdn.statically.io/gh/havasd/pp-data/main/mak/pmap_2026_j.json
KTV_2026/E;;Magyar Államkötvény 2026/E;HUF;JSON feed url: https://cdn.statically.io/gh/havasd/pp-data/main/mak/ktv_2026_e.json
PMÁP_2026/I;;Prémium Magyar Állampapír 2026/I;HUF;JSON feed url: https://cdn.statically.io/gh/havasd/pp-data/main/mak/pmap_2026_i.json
KTV_2026/F;;Magyar Államkötvény 2026/F;HUF;JSON feed url: https://cdn.statically.io/gh/havasd/pp-data/main/mak/ktv_2026_f.json
BMÁP_2026/N;;Bónusz Magyar Állampapír 2026/N;HUF;JSON feed url: https://cdn.statically.io/gh/havasd/pp-data/main/mak/bmap_2026_n.json
KTV_2026/H;;Magyar Államkötvény 2026/H;HUF;JSON feed url: https://cdn.statically.io/gh/havasd/pp-data/main/mak/ktv_2026_h.json
BMÁP_2026/O;;Bónusz Magyar Állampapír 2026/O;HUF;JSON feed url: https://cdn.statically.io/gh/havasd/pp-data/main/mak/bmap_2026_o.json
KTV_2026/D;;Magyar Államkötvény 2026/D;HUF;JSON feed url: https://cdn.statically.io/gh/havasd/pp-data/main/mak/ktv_2026_d.json
FixMÁP_2027/Q1;;Fix Magyar Állampapír 2027/Q1;HUF;JSON feed url: https://cdn.statically.io/gh/havasd/pp-data/main/mak/fixmap_2027_q1.json
PMÁP_2027/J;;Prémium Magyar Állampapír 2027/J;HUF;JSON feed url: https://cdn.statically.io/gh/havasd/pp-data/main/mak/pmap_2027_j.json
PMÁP_2027/K;;Prémium Magyar Állampapír 2027/K;HUF;JSON feed url: https://cdn.statically.io/gh/havasd/pp-data/main/mak/pmap_2027_k.json
PMÁP_2027/I;;Prémium Magyar Állampapír 2027/I;HUF;JSON feed url: https://cdn.statically.io/gh/havasd/pp-data/main/mak/pmap_2027_i.json
KTV_2027/B;;Magyar Államkötvény 2027/B;HUF;JSON feed url: https://cdn.statically.io/gh/havasd/pp-data/main/mak/ktv_2027_b.json
FixMÁP_2027/Q2;;Fix Magyar Állampapír 2027/Q2;HUF;JSON feed url: https://cdn.statically.io/gh/havasd/pp-data/main/mak/fixmap_2027_q2.json
BMÁP_2027/N;;Bónusz Magyar Állampapír 2027/N;HUF;JSON feed url: https://cdn.statically.io/gh/havasd/pp-data/main/mak/bmap_2027_n.json
FixMÁP_2027/Q3;;Fix Magyar Állampapír 2027/Q3;HUF;JSON feed url: https://cdn.statically.io/gh/havasd/pp-data/main/mak/fixmap_2027_q3.json
FixMÁP_2027/Q32;;Fix Magyar Állampapír 2027/Q32;HUF;JSON feed url: https://cdn.statically.io/gh/havasd/pp-data/main/mak/fixmap_2027_q32.json
FixMÁP_2027/Q4;;Fix Magyar Állampapír 2027/Q4;HUF;JSON feed url: https://cdn.statically.io/gh/havasd/pp-data/main/mak/fixmap_2027_q4.json
KTV_2027/A;;Magyar Államkötvény 2027/A;HUF;JSON feed url: https://cdn.statically.io/gh/havasd/pp-data/main/mak/ktv_2027_a.json
FixMÁP_2028/Q1;;Fix Magyar Állampapír 2028/Q1;HUF;JSON feed url: https://cdn.statically.io/gh/havasd/pp-data/main/mak/fixmap_2028_q1.json
FixMÁP_2028/Q12;;Fix Magyar Állampapír 2028/Q12;HUF;JSON feed url: https://cdn.statically.io/gh/havasd/pp-data/main/mak/fixmap_2028_q12.json
PMÁP_2028/I;;Prémium Magyar Állampapír 2028/I;HUF;JSON feed url: https://cdn.statically.io/gh/havasd/pp-data/main/mak/pmap_2028_i.json
FixMÁP_2028/Q13;;Fix Magyar Állampapír 2028/Q13;HUF;JSON feed url: https://cdn.statically.io/gh/havasd/pp-data/main/mak/fixmap_2028_q13.json
BMÁP_2028/N;;Bónusz Magyar Állampapír 2028/N;HUF;JSON feed url: https://cdn.statically.io/gh/havasd/pp-data/main/mak/bmap_2028_n.json
BMÁP_2028/O;;Bónusz Magyar Állampapír 2028/O;HUF;JSON feed url: https://cdn.statically.io/gh/havasd/pp-data/main/mak/bmap_2028_o.json
KTV_2028/B;;Magyar Államkötvény 2028/B;HUF;JSON feed url: https://cdn.statically.io/gh/havasd/pp-data/main/mak/ktv_2028_b.json
PMÁP_2028/J;;Prémium Magyar Állampapír 2028/J;HUF;JSON feed url: https://cdn.statically.io/gh/havasd/pp-data/main/mak/pmap_2028_j.json
FixMÁP_2028/Q2;;Fix Magyar Állampapír 2028/Q2;HUF;JSON feed url: https://cdn.statically.io/gh/havasd/pp-data/main/mak/fixmap_2028_q2.json
BMÁP_2028/P;;Bónusz Magyar Állampapír 2028/P;HUF;JSON feed url: https://cdn.statically.io/gh/havasd/pp-data/main/mak/bmap_2028_p.json
PMÁP_2028/K;;Prémium Magyar Állampapír 2028/K;HUF;JSON feed url: https://cdn.statically.io/gh/havasd/pp-data/main/mak/pmap_2028_k.json
PMÁP_2028/L;;Prémium Magyar Állampapír 2028/L;HUF;JSON feed url: https://cdn.statically.io/gh/havasd/pp-data/main/mak/pmap_2028_l.json
BMÁP_2028/R;;Bónusz Magyar Állampapír 2028/R;HUF;JSON feed url: https://cdn.statically.io/gh/havasd/pp-data/main/mak/bmap_2028_r.json
BMÁP_2028/R1;;Bónusz Magyar Állampapír 2028/R1;HUF;JSON feed url: https://cdn.statically.io/gh/havasd/pp-data/main/mak/bmap_2028_r1.json
KTV_2028/A;;Magyar Államkötvény 2028/A;HUF;JSON feed url: https://cdn.statically.io/gh/havasd/pp-data/main/mak/ktv_2028_a.json
PMÁP_2029/I;;Prémium Magyar Állampapír 2029/I;HUF;JSON feed url: https://cdn.statically.io/gh/havasd/pp-data/main/mak/pmap_2029_i.json
PMÁP_2029/J;;Prémium Magyar Állampapír 2029/J;HUF;JSON feed url: https://cdn.statically.io/gh/havasd/pp-data/main/mak/pmap_2029_j.json
BMÁP_2029/R1;;Bónusz Magyar Állampapír 2029/R1;HUF;JSON feed url: https://cdn.statically.io/gh/havasd/pp-data/main/mak/bmap_2029_r1.json
KTV_2029/A;;Magyar Államkötvény 2029/A;HUF;JSON feed url: https://cdn.statically.io/gh/havasd/pp-data/main/mak/ktv_2029_a.json
BMÁP_2029/N;;Bónusz Magyar Állampapír 2029/N;HUF;JSON feed url: https://cdn.statically.io/gh/havasd/pp-data/main/mak/bmap_2029_n.json
KTV_2029/B;;Magyar Államkötvény 2029/B;HUF;JSON feed url: https://cdn.statically.io/gh/havasd/pp-data/main/mak/ktv_2029_b.json
PMÁP_2030/I;;Prémium Magyar Állampapír 2030/I;HUF;JSON feed url: https://cdn.statically.io/gh/havasd/pp-data/main/mak/pmap_2030_i.json
PMÁP_2030/J;;Prémium Magyar Állampapír 2030/J;HUF;JSON feed url: https://cdn.statically.io/gh/havasd/pp-data/main/mak/pmap_2030_j.json
FixMÁP_2030/Q2;;Fix Magyar Állampapír 2030/Q2;HUF;JSON feed url: https://cdn.statically.io/gh/havasd/pp-data/main/mak/fixmap_2030_q2.json
KTV_2030/A;;Magyar Államkötvény 2030/A;HUF;JSON feed url: https://cdn.statically.io/gh/havasd/pp-data/main/mak/ktv_2030_a.json
BMÁP_2030/N;;Bónusz Magyar Állampapír 2030/N;HUF;JSON feed url: https://cdn.statically.io/gh/havasd/pp-data/main/mak/bmap_2030_n.json
BMÁP_2030/N1;;Bónusz Magyar Állampapír 2030/N1;HUF;JSON feed url: https://cdn.statically.io/gh/havasd/pp-data/main/mak/bmap_2030_n1.json
BMÁP_2031/R1;;Bónusz Magyar Állampapír 2031/R1;HUF;JSON feed url: https://cdn.statically.io/gh/havasd/pp-data/main/mak/bmap_2031_r1.json
PMÁP_2031/I;;Prémium Magyar Állampapír 2031/I;HUF;JSON feed url: https://cdn.statically.io/gh/havasd/pp-data/main/mak/pmap_2031_i.json
KTV_2031/B;;Magyar Államkötvény 2031/B;HUF;JSON feed url: https://cdn.statically.io/gh/havasd/pp-data/main/mak/ktv_2031_b.json
KTV_2031/A;;Magyar Államkötvény 2031/A;HUF;JSON feed url: https://cdn.statically.io/gh/havasd/pp-data/main/mak/ktv_2031_a.json
PMÁP_2032/J;;Prémium Magyar Állampapír 2032/J;HUF;JSON feed url: https://cdn.statically.io/gh/havasd/pp-data/main/mak/pmap_2032_j.json
PMÁP_2032/I;;Prémium Magyar Állampapír 2032/I;HUF;JSON feed url: https://cdn.statically.io/gh/havasd/pp-data/main/mak/pmap_2032_i.json
KTV_2032/G;;Magyar Államkötvény 2032/G;HUF;JSON feed url: https://cdn.statically.io/gh/havasd/pp-data/main/mak/ktv_2032_g.json
KTV_2032/B;;Magyar Államkötvény 2032/B;HUF;JSON feed url: https://cdn.statically.io/gh/havasd/pp-data/main/mak/ktv_2032_b.json
KTV_2032/A;;Magyar Államkötvény 2032/A;HUF;JSON feed url: https://cdn.statically.io/gh/havasd/pp-data/main/mak/ktv_2032_a.json
PMÁP_2033/I;;Prémium Magyar Állampapír 2033/I;HUF;JSON feed url: https://cdn.statically.io/gh/havasd/pp-data/main/mak/pmap_2033_i.json
KTV_2033/A;;Magyar Államkötvény 2033/A;HUF;JSON feed url: https://cdn.statically.io/gh/havasd/pp-data/main/mak/ktv_2033_a.json
KTV_2034/A;;Magyar Államkötvény 2034/A;HUF;JSON feed url: https://cdn.statically.io/gh/havasd/pp-data/main/mak/ktv_2034_a.json
PMÁP_2035/I1;;Prémium Magyar Állampapír 2035/I1;HUF;JSON feed url: https://cdn.statically.io/gh/havasd/pp-data/main/mak/pmap_2035_i1.json
KTV_2035/A;;Magyar Államkötvény 2035/A;HUF;JSON feed url: https://cdn.statically.io/gh/havasd/pp-data/main/mak/ktv_2035_a.json
KTV_2038/A;;Magyar Államkötvény 2038/A;HUF;JSON feed url: https://cdn.statically.io/gh/havasd/pp-data/main/mak/ktv_2038_a.json
KTV_2041/A;;Magyar Államkötvény 2041/A;HUF;JSON feed url: https://cdn.statically.io/gh/havasd/pp-data/main/mak/ktv_2041_a.json
KTV_2051/G;;Magyar Államkötvény 2051/G;HUF;JSON feed url: https://cdn.statically.io/gh/havasd/pp-data/main/mak/ktv_2051_g.json
BABA_2032/S;;Babakötvény 2032/S;HUF;JSON feed url: https://cdn.statically.io/gh/havasd/pp-data/main/mak/baba_2032_s_baba.json
BABA_2033/S;;Babakötvény 2033/S;HUF;JSON feed url: https://cdn.statically.io/gh/havasd/pp-data/main/mak/baba_2033_s_baba.json
BABA_2034/S;;Babakötvény 2034/S;HUF;JSON feed url: https://cdn.statically.io/gh/havasd/pp-data/main/mak/baba_2034_s_baba.json
BABA_2035/S;;Babakötvény 2035/S;HUF;JSON feed url: https://cdn.statically.io/gh/havasd/pp-data/main/mak/baba_2035_s_baba.json
BABA_2036/S;;Babakötvény 2036/S;HUF;JSON feed url: https://cdn.statically.io/gh/havasd/pp-data/main/mak/baba_2036_s_baba.json
BABA_2037/S;;Babakötvény 2037/S;HUF;JSON feed url: https://cdn.statically.io/gh/havasd/pp-data/main/mak/baba_2037_s_baba.json
BABA_2038/S;;Babakötvény 2038/S;HUF;JSON feed url: https://cdn.statically.io/gh/havasd/pp-data/main/mak/baba_2038_s_baba.json
BABA_2039/S;;Babakötvény 2039/S;HUF;JSON feed url: https://cdn.statically.io/gh/havasd/pp-data/main/mak/baba_2039_s_baba.json
BABA_2040/S;;Babakötvény 2040/S;HUF;JSON feed url: https://cdn.statically.io/gh/havasd/pp-data/main/mak/baba_2040_s_baba.json
BABA_2041/S;;Babakötvény 2041/S;HUF;JSON feed url: https://cdn.statically.io/gh/havasd/pp-data/main/mak/baba_2041_s_baba.json
BABA_2042/S;;Babakötvény 2042/S;HUF;JSON feed url: https://cdn.statically.io/gh/havasd/pp-data/main/mak/baba_2042_s_baba.json
BABA_2043/S;;Babakötvény 2043/S;HUF;JSON feed url: https://cdn.statically.io/gh/havasd/pp-data/main/mak/baba_2043_s_baba.json
BABA_2044/S;;Babakötvény 2044/S;HUF;JSON feed url: https://cdn.statically.io/gh/havasd/pp-data/main/mak/baba_2044_s_baba.json
DKJ250528;;Diszkont Kincstárjegy 250528;HUF;JSON feed url: https://cdn.statically.io/gh/havasd/pp-data/main/mak/dkj_d250528.json
DKJ250625;;Diszkont Kincstárjegy 250625;HUF;JSON feed url: https://cdn.statically.io/gh/havasd/pp-data/main/mak/dkj_d250625.json
DKJ250723;;Diszkont Kincstárjegy 250723;HUF;JSON feed url: https://cdn.statically.io/gh/havasd/pp-data/main/mak/dkj_d250723.json
DKJ250821;;Diszkont Kincstárjegy 250821;HUF;JSON feed url: https://cdn.statically.io/gh/havasd/pp-data/main/mak/dkj_d250821.json
DKJ251029;;Diszkont Kincstárjegy 251029;HUF;JSON feed url: https://cdn.statically.io/gh/havasd/pp-data/main/mak/dkj_d251029.json
DKJ251223;;Diszkont Kincstárjegy 251223;HUF;JSON feed url: https://cdn.statically.io/gh/havasd/pp-data/main/mak/dkj_d251223.json
DKJ260218;;Diszkont Kincstárjegy 260218;HUF;JSON feed url: https://cdn.statically.io/gh/havasd/pp-data/main/mak/dkj_d260218.json
DKJ260429;;Diszkont Kincstárjegy 260429;HUF;JSON feed url: https://cdn.statically.io/gh/havasd/pp-data/main/mak/dkj_d260429.json
MÁPP_N2025/20;;Magyar Állampapír Plusz N2025/20;HUF;JSON feed url: https://cdn.statically.io/gh/havasd/pp-data/main/mak/mapp_n2025_20.json
MÁPP_N2025/21;;Magyar Állampapír Plusz N2025/21;HUF;JSON feed url: https://cdn.statically.io/gh/havasd/pp-data/main/mak/mapp_n2025_21.json
MÁPP_N2025/22;;Magyar Állampapír Plusz N2025/22;HUF;JSON feed url: https://cdn.statically.io/gh/havasd/pp-data/main/mak/mapp_n2025_22.json
MÁPP_N2025/23;;Magyar Állampapír Plusz N2025/23;HUF;JSON feed url: https://cdn.statically.io/gh/havasd/pp-data/main/mak/mapp_n2025_23.json
MÁPP_N2025/24;;Magyar Állampapír Plusz N2025/24;HUF;JSON feed url: https://cdn.statically.io/gh/havasd/pp-data/main/mak/mapp_n2025_24.json
MÁPP_N2025/25;;Magyar Állampapír Plusz N2025/25;HUF;JSON feed url: https://cdn.statically.io/gh/havasd/pp-data/main/mak/mapp_n2025_25.json
MÁPP_N2025/26;;Magyar Állampapír Plusz N2025/26;HUF;JSON feed url: https://cdn.statically.io/gh/havasd/pp-data/main/mak/mapp_n2025_26.json
MÁPP_N2025/27;;Magyar Állampapír Plusz N2025/27;HUF;JSON feed url: https://cdn.statically.io/gh/havasd/pp-data/main/mak/mapp_n2025_27.json
MÁPP_N2025/28;;Magyar Állampapír Plusz N2025/28;HUF;JSON feed url: https://cdn.statically.io/gh/havasd/pp-data/main/mak/mapp_n2025_28.json
MÁPP_N2025/29;;Magyar Állampapír Plusz N2025/29;HUF;JSON feed url: https://cdn.statically.io/gh/havasd/pp-data/main/mak/mapp_n2025_29.json
MÁPP_N2025/30;;Magyar Állampapír Plusz N2025/30;HUF;JSON feed url: https://cdn.statically.io/gh/havasd/pp-data/main/mak/mapp_n2025_30.json
MÁPP_N2025/31;;Magyar Állampapír Plusz N2025/31;HUF;JSON feed url: https://cdn.statically.io/gh/havasd/pp-data/main/mak/mapp_n2025_31.json
MÁPP_N2025/32;;Magyar Állampapír Plusz N2025/32;HUF;JSON feed url: https://cdn.statically.io/gh/havasd/pp-data/main/mak/mapp_n2025_32.json
MÁPP_N2025/33;;Magyar Állampapír Plusz N2025/33;HUF;JSON feed url: https://cdn.statically.io/gh/havasd/pp-data/main/mak/mapp_n2025_33.json
MÁPP_N2025/34;;Magyar Állampapír Plusz N2025/34;HUF;JSON feed url: https://cdn.statically.io/gh/havasd/pp-data/main/mak/mapp_n2025_34.json
MÁPP_N2025/35;;Magyar Állampapír Plusz N2025/35;HUF;JSON feed url: https://cdn.statically.io/gh/havasd/pp-data/main/mak/mapp_n2025_35.json
MÁPP_N2025/36;;Magyar Állampapír Plusz N2025/36;HUF;JSON feed url: https://cdn.statically.io/gh/havasd/pp-data/main/mak/mapp_n2025_36.json
MÁPP_N2025/37;;Magyar Állampapír Plusz N2025/37;HUF;JSON feed url: https://cdn.statically.io/gh/havasd/pp-data/main/mak/mapp_n2025_37.json
MÁPP_N2025/38;;Magyar Állampapír Plusz N2025/38;HUF;JSON feed url: https://cdn.statically.io/gh/havasd/pp-data/main/mak/mapp_n2025_38.json
MÁPP_N2025/39;;Magyar Állampapír Plusz N2025/39;HUF;JSON feed url: https://cdn.statically.io/gh/havasd/pp-data/main/mak/mapp_n2025_39.json
MÁPP_N2025/40;;Magyar Állampapír Plusz N2025/40;HUF;JSON feed url: https://cdn.statically.io/gh/havasd/pp-data/main/mak/mapp_n2025_40.json
MÁPP_N2025/41;;Magyar Állampapír Plusz N2025/41;HUF;JSON feed url: https://cdn.statically.io/gh/havasd/pp-data/main/mak/mapp_n2025_41.json
MÁPP_N2025/42;;Magyar Állampapír Plusz N2025/42;HUF;JSON feed url: https://cdn.statically.io/gh/havasd/pp-data/main/mak/mapp_n2025_42.json
MÁPP_N2025/43;;Magyar Állampapír Plusz N2025/43;HUF;JSON feed url: https://cdn.statically.io/gh/havasd/pp-data/main/mak/mapp_n2025_43.json
MÁPP_N2025/44;;Magyar Állampapír Plusz N2025/44;HUF;JSON feed url: https://cdn.statically.io/gh/havasd/pp-data/main/mak/mapp_n2025_44.json
MÁPP_N2025/45;;Magyar Állampapír Plusz N2025/45;HUF;JSON feed url: https://cdn.statically.io/gh/havasd/pp-data/main/mak/mapp_n2025_45.json
MÁPP_N2025/46;;Magyar Állampapír Plusz N2025/46;HUF;JSON feed url: https://cdn.statically.io/gh/havasd/pp-data/main/mak/mapp_n2025_46.json
MÁPP_N2025/47;;Magyar Állampapír Plusz N2025/47;HUF;JSON feed url: https://cdn.statically.io/gh/havasd/pp-data/main/mak/mapp_n2025_47.json
MÁPP_N2025/48;;Magyar Állampapír Plusz N2025/48;HUF;JSON feed url: https://cdn.statically.io/gh/havasd/pp-data/main/mak/mapp_n2025_48.json
MÁPP_N2025/49;;Magyar Állampapír Plusz N2025/49;HUF;JSON feed url: https://cdn.statically.io/gh/havasd/pp-data/main/mak/mapp_n2025_49.json
MÁPP_N2025/50;;Magyar Állampapír Plusz N2025/50;HUF;JSON feed url: https://cdn.statically.io/gh/havasd/pp-data/main/mak/mapp_n2025_50.json
MÁPP_N2025/51;;Magyar Állampapír Plusz N2025/51;HUF;JSON feed url: https://cdn.statically.io/gh/havasd/pp-data/main/mak/mapp_n2025_51.json
MÁPP_N2025/52;;Magyar Állampapír Plusz N2025/52;HUF;JSON feed url: https://cdn.statically.io/gh/havasd/pp-data/main/mak/mapp_n2025_52.json
MÁPP_N2026/01;;Magyar Állampapír Plusz N2026/01;HUF;JSON feed url: https://cdn.statically.io/gh/havasd/pp-data/main/mak/mapp_n2026_01.json
MÁPP_N2026/02;;Magyar Állampapír Plusz N2026/02;HUF;JSON feed url: https://cdn.statically.io/gh/havasd/pp-data/main/mak/mapp_n2026_02.json
MÁPP_N2026/03;;Magyar Állampapír Plusz N2026/03;HUF;JSON feed url: https://cdn.statically.io/gh/havasd/pp-data/main/mak/mapp_n2026_03.json
MÁPP_N2026/04;;Magyar Állampapír Plusz N2026/04;HUF;JSON feed url: https://cdn.statically.io/gh/havasd/pp-data/main/mak/mapp_n2026_04.json
MÁPP_N2026/05;;Magyar Állampapír Plusz N2026/05;HUF;JSON feed url: https://cdn.statically.io/gh/havasd/pp-data/main/mak/mapp_n2026_05.json
MÁPP_N2026/06;;Magyar Állampapír Plusz N2026/06;HUF;JSON feed url: https://cdn.statically.io/gh/havasd/pp-data/main/mak/mapp_n2026_06.json
MÁPP_N2026/07;;Magyar Állampapír Plusz N2026/07;HUF;JSON feed url: https://cdn.statically.io/gh/havasd/pp-data/main/mak/mapp_n2026_07.json
MÁPP_N2026/08;;Magyar Állampapír Plusz N2026/08;HUF;JSON feed url: https://cdn.statically.io/gh/havasd/pp-data/main/mak/mapp_n2026_08.json
MÁPP_N2026/09;;Magyar Állampapír Plusz N2026/09;HUF;JSON feed url: https://cdn.statically.io/gh/havasd/pp-data/main/mak/mapp_n2026_09.json
MÁPP_N2026/10;;Magyar Állampapír Plusz N2026/10;HUF;JSON feed url: https://cdn.statically.io/gh/havasd/pp-data/main/mak/mapp_n2026_10.json
MÁPP_N2026/11;;Magyar Állampapír Plusz N2026/11;HUF;JSON feed url: https://cdn.statically.io/gh/havasd/pp-data/main/mak/mapp_n2026_11.json
MÁPP_N2026/12;;Magyar Állampapír Plusz N2026/12;HUF;JSON feed url: https://cdn.statically.io/gh/havasd/pp-data/main/mak/mapp_n2026_12.json
MÁPP_N2026/13;;Magyar Állampapír Plusz N2026/13;HUF;JSON feed url: https://cdn.statically.io/gh/havasd/pp-data/main/mak/mapp_n2026_13.json
MÁPP_N2026/14;;Magyar Állampapír Plusz N2026/14;HUF;JSON feed url: https://cdn.statically.io/gh/havasd/pp-data/main/mak/mapp_n2026_14.json
MÁPP_N2026/15;;Magyar Állampapír Plusz N2026/15;HUF;JSON feed url: https://cdn.statically.io/gh/havasd/pp-data/main/mak/mapp_n2026_15.json
MÁPP_N2026/16;;Magyar Állampapír Plusz N2026/16;HUF;JSON feed url: https://cdn.statically.io/gh/havasd/pp-data/main/mak/mapp_n2026_16.json
MÁPP_N2026/17;;Magyar Állampapír Plusz N2026/17;HUF;JSON feed url: https://cdn.statically.io/gh/havasd/pp-data/main/mak/mapp_n2026_17.json
MÁPP_N2026/18;;Magyar Állampapír Plusz N2026/18;HUF;JSON feed url: https://cdn.statically.io/gh/havasd/pp-data/main/mak/mapp_n2026_18.json
MÁPP_N2026/19;;Magyar Állampapír Plusz N2026/19;HUF;JSON feed url: https://cdn.statically.io/gh/havasd/pp-data/main/mak/mapp_n2026_19.json
MÁPP_N2026/20;;Magyar Állampapír Plusz N2026/20;HUF;JSON feed url: https://cdn.statically.io/gh/havasd/pp-data/main/mak/mapp_n2026_20.json
MÁPP_N2026/21;;Magyar Állampapír Plusz N2026/21;HUF;JSON feed url: https://cdn.statically.io/gh/havasd/pp-data/main/mak/mapp_n2026_21.json
MÁPP_N2026/22;;Magyar Állampapír Plusz N2026/22;HUF;JSON feed url: https://cdn.statically.io/gh/havasd/pp-data/main/mak/mapp_n2026_22.json
MÁPP_N2026/23;;Magyar Állampapír Plusz N2026/23;HUF;JSON feed url: https://cdn.statically.io/gh/havasd/pp-data/main/mak/mapp_n2026_23.json
MÁPP_N2026/24;;Magyar Állampapír Plusz N2026/24;HUF;JSON feed url: https://cdn.statically.io/gh/havasd/pp-data/main/mak/mapp_n2026_24.json
MÁPP_N2026/25;;Magyar Állampapír Plusz N2026/25;HUF;JSON feed url: https://cdn.statically.io/gh/havasd/pp-data/main/mak/mapp_n2026_25.json
MÁPP_N2026/26;;Magyar Állampapír Plusz N2026/26;HUF;JSON feed url: https://cdn.statically.io/gh/havasd/pp-data/main/mak/mapp_n2026_26.json
MÁPP_N2026/27;;Magyar Állampapír Plusz N2026/27;HUF;JSON feed url: https://cdn.statically.io/gh/havasd/pp-data/main/mak/mapp_n2026_27.json
MÁPP_N2026/28;;Magyar Állampapír Plusz N2026/28;HUF;JSON feed url: https://cdn.statically.io/gh/havasd/pp-data/main/mak/mapp_n2026_28.json
MÁPP_N2026/29;;Magyar Állampapír Plusz N2026/29;HUF;JSON feed url: https://cdn.statically.io/gh/havasd/pp-data/main/mak/mapp_n2026_29.json
MÁPP_N2026/30;;Magyar Állampapír Plusz N2026/30;HUF;JSON feed url: https://cdn.statically.io/gh/havasd/pp-data/main/mak/mapp_n2026_30.json
MÁPP_N2026/31;;Magyar Állampapír Plusz N2026/31;HUF;JSON feed url: https://cdn.statically.io/gh/havasd/pp-data/main/mak/mapp_n2026_31.json
MÁPP_N2026/32;;Magyar Állampapír Plusz N2026/32;HUF;JSON feed url: https://cdn.statically.io/gh/havasd/pp-data/main/mak/mapp_n2026_32.json
MÁPP_N2026/33;;Magyar Állampapír Plusz N2026/33;HUF;JSON feed url: https://cdn.statically.io/gh/havasd/pp-data/main/mak/mapp_n2026_33.json
MÁPP_N2026/34;;Magyar Állampapír Plusz N2026/34;HUF;JSON feed url: https://cdn.statically.io/gh/havasd/pp-data/main/mak/mapp_n2026_34.json
MÁPP_N2026/35;;Magyar Állampapír Plusz N2026/35;HUF;JSON feed url: https://cdn.statically.io/gh/havasd/pp-data/main/mak/mapp_n2026_35.json
MÁPP_N2026/36;;Magyar Állampapír Plusz N2026/36;HUF;JSON feed url: https://cdn.statically.io/gh/havasd/pp-data/main/mak/mapp_n2026_36.json
MÁPP_N2026/37;;Magyar Állampapír Plusz N2026/37;HUF;JSON feed url: https://cdn.statically.io/gh/havasd/pp-data/main/mak/mapp_n2026_37.json
MÁPP_N2026/38;;Magyar Állampapír Plusz N2026/38;HUF;JSON feed url: https://cdn.statically.io/gh/havasd/pp-data/main/mak/mapp_n2026_38.json
MÁPP_N2026/39;;Magyar Állampapír Plusz N2026/39;HUF;JSON feed url: https://cdn.statically.io/gh/havasd/pp-data/main/mak/mapp_n2026_39.json
MÁPP_N2026/40;;Magyar Állampapír Plusz N2026/40;HUF;JSON feed url: https://cdn.statically.io/gh/havasd/pp-data/main/mak/mapp_n2026_40.json
MÁPP_N2026/41;;Magyar Állampapír Plusz N2026/41;HUF;JSON feed url: https://cdn.statically.io/gh/havasd/pp-data/main/mak/mapp_n2026_41.json
MÁPP_N2026/42;;Magyar Állampapír Plusz N2026/42;HUF;JSON feed url: https://cdn.statically.io/gh/havasd/pp-data/main/mak/mapp_n2026_42.json
MÁPP_N2026/43;;Magyar Állampapír Plusz N2026/43;HUF;JSON feed url: https://cdn.statically.io/gh/havasd/pp-data/main/mak/mapp_n2026_43.json
MÁPP_N2026/44;;Magyar Állampapír Plusz N2026/44;HUF;JSON feed url: https://cdn.statically.io/gh/havasd/pp-data/main/mak/mapp_n2026_44.json
MÁPP_N2026/45;;Magyar Állampapír Plusz N2026/45;HUF;JSON feed url: https://cdn.statically.io/gh/havasd/pp-data/main/mak/mapp_n2026_45.json
MÁPP_N2026/46;;Magyar Állampapír Plusz N2026/46;HUF;JSON feed url: https://cdn.statically.io/gh/havasd/pp-data/main/mak/mapp_n2026_46.json
MÁPP_N2026/47;;Magyar Állampapír Plusz N2026/47;HUF;JSON feed url: https://cdn.statically.io/gh/havasd/pp-data/main/mak/mapp_n2026_47.json
MÁPP_N2026/48;;Magyar Állampapír Plusz N2026/48;HUF;JSON feed url: https://cdn.statically.io/gh/havasd/pp-data/main/mak/mapp_n2026_48.json
MÁPP_N2026/49;;Magyar Állampapír Plusz N2026/49;HUF;JSON feed url: https://cdn.statically.io/gh/havasd/pp-data/main/mak/mapp_n2026_49.json
MÁPP_N2026/50;;Magyar Állampapír Plusz N2026/50;HUF;JSON feed url: https://cdn.statically.io/gh/havasd/pp-data/main/mak/mapp_n2026_50.json
MÁPP_N2026/51;;Magyar Állampapír Plusz N2026/51;HUF;JSON feed url: https://cdn.statically.io/gh/havasd/pp-data/main/mak/mapp_n2026_51.json
MÁPP_N2026/52;;Magyar Állampapír Plusz N2026/52;HUF;JSON feed url: https://cdn.statically.io/gh/havasd/pp-data/main/mak/mapp_n2026_52.json
MÁPP_N2027/01;;Magyar Állampapír Plusz N2027/01;HUF;JSON feed url: https://cdn.statically.io/gh/havasd/pp-data/main/mak/mapp_n2027_01.json
MÁPP_N2027/02;;Magyar Állampapír Plusz N2027/02;HUF;JSON feed url: https://cdn.statically.io/gh/havasd/pp-data/main/mak/mapp_n2027_02.json
MÁPP_N2027/03;;Magyar Állampapír Plusz N2027/03;HUF;JSON feed url: https://cdn.statically.io/gh/havasd/pp-data/main/mak/mapp_n2027_03.json
MÁPP_N2027/04;;Magyar Állampapír Plusz N2027/04;HUF;JSON feed url: https://cdn.statically.io/gh/havasd/pp-data/main/mak/mapp_n2027_04.json
MÁPP_N2027/05;;Magyar Állampapír Plusz N2027/05;HUF;JSON feed url: https://cdn.statically.io/gh/havasd/pp-data/main/mak/mapp_n2027_05.json
MÁPP_N2027/06;;Magyar Állampapír Plusz N2027/06;HUF;JSON feed url: https://cdn.statically.io/gh/havasd/pp-data/main/mak/mapp_n2027_06.json
MÁPP_N2027/07;;Magyar Állampapír Plusz N2027/07;HUF;JSON feed url: https://cdn.statically.io/gh/havasd/pp-data/main/mak/mapp_n2027_07.json
MÁPP_N2027/08;;Magyar Állampapír Plusz N2027/08;HUF;JSON feed url: https://cdn.statically.io/gh/havasd/pp-data/main/mak/mapp_n2027_08.json
MÁPP_N2027/09;;Magyar Állampapír Plusz N2027/09;HUF;JSON feed url: https://cdn.statically.io/gh/havasd/pp-data/main/mak/mapp_n2027_09.json
MÁPP_N2027/10;;Magyar Állampapír Plusz N2027/10;HUF;JSON feed url: https://cdn.statically.io/gh/havasd/pp-data/main/mak/mapp_n2027_10.json
MÁPP_N2027/11;;Magyar Állampapír Plusz N2027/11;HUF;JSON feed url: https://cdn.statically.io/gh/havasd/pp-data/main/mak/mapp_n2027_11.json
MÁPP_N2027/12;;Magyar Állampapír Plusz N2027/12;HUF;JSON feed url: https://cdn.statically.io/gh/havasd/pp-data/main/mak/mapp_n2027_12.json
MÁPP_N2027/13;;Magyar Állampapír Plusz N2027/13;HUF;JSON feed url: https://cdn.statically.io/gh/havasd/pp-data/main/mak/mapp_n2027_13.json
MÁPP_N2027/14;;Magyar Állampapír Plusz N2027/14;HUF;JSON feed url: https://cdn.statically.io/gh/havasd/pp-data/main/mak/mapp_n2027_14.json
MÁPP_N2027/15;;Magyar Állampapír Plusz N2027/15;HUF;JSON feed url: https://cdn.statically.io/gh/havasd/pp-data/main/mak/mapp_n2027_15.json
MÁPP_N2027/16;;Magyar Állampapír Plusz N2027/16;HUF;JSON feed url: https://cdn.statically.io/gh/havasd/pp-data/main/mak/mapp_n2027_16.json
MÁPP_N2027/17;;Magyar Állampapír Plusz N2027/17;HUF;JSON feed url: https://cdn.statically.io/gh/havasd/pp-data/main/mak/mapp_n2027_17.json
MÁPP_N2027/18;;Magyar Állampapír Plusz N2027/18;HUF;JSON feed url: https://cdn.statically.io/gh/havasd/pp-data/main/mak/mapp_n2027_18.json
MÁPP_N2027/19;;Magyar Állampapír Plusz N2027/19;HUF;JSON feed url: https://cdn.statically.io/gh/havasd/pp-data/main/mak/mapp_n2027_19.json
MÁPP_N2027/20;;Magyar Állampapír Plusz N2027/20;HUF;JSON feed url: https://cdn.statically.io/gh/havasd/pp-data/main/mak/mapp_n2027_20.json
MÁPP_N2027/21;;Magyar Állampapír Plusz N2027/21;HUF;JSON feed url: https://cdn.statically.io/gh/havasd/pp-data/main/mak/mapp_n2027_21.json
MÁPP_N2027/22;;Magyar Állampapír Plusz N2027/22;HUF;JSON feed url: https://cdn.statically.io/gh/havasd/pp-data/main/mak/mapp_n2027_22.json
MÁPP_N2027/23;;Magyar Állampapír Plusz N2027/23;HUF;JSON feed url: https://cdn.statically.io/gh/havasd/pp-data/main/mak/mapp_n2027_23.json
MÁPP_N2027/24;;Magyar Állampapír Plusz N2027/24;HUF;JSON feed url: https://cdn.statically.io/gh/havasd/pp-data/main/mak/mapp_n2027_24.json
MÁPP_N2027/25;;Magyar Állampapír Plusz N2027/25;HUF;JSON feed url: https://cdn.statically.io/gh/havasd/pp-data/main/mak/mapp_n2027_25.json
MÁPP_N2027/26;;Magyar Állampapír Plusz N2027/26;HUF;JSON feed url: https://cdn.statically.io/gh/havasd/pp-data/main/mak/mapp_n2027_26.json
MÁPP_N2027/27;;Magyar Állampapír Plusz N2027/27;HUF;JSON feed url: https://cdn.statically.io/gh/havasd/pp-data/main/mak/mapp_n2027_27.json
MÁPP_N2027/28;;Magyar Állampapír Plusz N2027/28;HUF;JSON feed url: https://cdn.statically.io/gh/havasd/pp-data/main/mak/mapp_n2027_28.json
MÁPP_N2027/29;;Magyar Állampapír Plusz N2027/29;HUF;JSON feed url: https://cdn.statically.io/gh/havasd/pp-data/main/mak/mapp_n2027_29.json
MÁPP_N2027/30;;Magyar Állampapír Plusz N2027/30;HUF;JSON feed url: https://cdn.statically.io/gh/havasd/pp-data/main/mak/mapp_n2027_30.json
MÁPP_N2027/31;;Magyar Állampapír Plusz N2027/31;HUF;JSON feed url: https://cdn.statically.io/gh/havasd/pp-data/main/mak/mapp_n2027_31.json
MÁPP_N2027/32;;Magyar Állampapír Plusz N2027/32;HUF;JSON feed url: https://cdn.statically.io/gh/havasd/pp-data/main/mak/mapp_n2027_32.json
MÁPP_N2027/33;;Magyar Állampapír Plusz N2027/33;HUF;JSON feed url: https://cdn.statically.io/gh/havasd/pp-data/main/mak/mapp_n2027_33.json
MÁPP_N2027/34;;Magyar Állampapír Plusz N2027/34;HUF;JSON feed url: https://cdn.statically.io/gh/havasd/pp-data/main/mak/mapp_n2027_34.json
MÁPP_N2027/35;;Magyar Állampapír Plusz N2027/35;HUF;JSON feed url: https://cdn.statically.io/gh/havasd/pp-data/main/mak/mapp_n2027_35.json
MÁPP_N2027/36;;Magyar Állampapír Plusz N2027/36;HUF;JSON feed url: https://cdn.statically.io/gh/havasd/pp-data/main/mak/mapp_n2027_36.json
MÁPP_N2027/37;;Magyar Állampapír Plusz N2027/37;HUF;JSON feed url: https://cdn.statically.io/gh/havasd/pp-data/main/mak/mapp_n2027_37.json
MÁPP_N2027/38;;Magyar Állampapír Plusz N2027/38;HUF;JSON feed url: https://cdn.statically.io/gh/havasd/pp-data/main/mak/mapp_n2027_38.json
MÁPP_N2027/39;;Magyar Állampapír Plusz N2027/39;HUF;JSON feed url: https://cdn.statically.io/gh/havasd/pp-data/main/mak/mapp_n2027_39.json
MÁPP_N2027/40;;Magyar Állampapír Plusz N2027/40;HUF;JSON feed url: https://cdn.statically.io/gh/havasd/pp-data/main/mak/mapp_n2027_40.json
MÁPP_N2027/41;;Magyar Állampapír Plusz N2027/41;HUF;JSON feed url: https://cdn.statically.io/gh/havasd/pp-data/main/mak/mapp_n2027_41.json
MÁPP_N2027/42;;Magyar Állampapír Plusz N2027/42;HUF;JSON feed url: https://cdn.statically.io/gh/havasd/pp-data/main/mak/mapp_n2027_42.json
MÁPP_N2027/43;;Magyar Állampapír Plusz N2027/43;HUF;JSON feed url: https://cdn.statically.io/gh/havasd/pp-data/main/mak/mapp_n2027_43.json
MÁPP_N2027/44;;Magyar Állampapír Plusz N2027/44;HUF;JSON feed url: https://cdn.statically.io/gh/havasd/pp-data/main/mak/mapp_n2027_44.json
MÁPP_N2027/45;;Magyar Állampapír Plusz N2027/45;HUF;JSON feed url: https://cdn.statically.io/gh/havasd/pp-data/main/mak/mapp_n2027_45.json
MÁPP_N2027/46;;Magyar Állampapír Plusz N2027/46;HUF;JSON feed url: https://cdn.statically.io/gh/havasd/pp-data/main/mak/mapp_n2027_46.json
MÁPP_N2027/47;;Magyar Állampapír Plusz N2027/47;HUF;JSON feed url: https://cdn.statically.io/gh/havasd/pp-data/main/mak/mapp_n2027_47.json
MÁPP_N2027/48;;Magyar Állampapír Plusz N2027/48;HUF;JSON feed url: https://cdn.statically.io/gh/havasd/pp-data/main/mak/mapp_n2027_48.json
MÁPP_N2027/49;;Magyar Állampapír Plusz N2027/49;HUF;JSON feed url: https://cdn.statically.io/gh/havasd/pp-data/main/mak/mapp_n2027_49.json
MÁPP_N2027/50;;Magyar Állampapír Plusz N2027/50;HUF;JSON feed url: https://cdn.statically.io/gh/havasd/pp-data/main/mak/mapp_n2027_50.json
MÁPP_N2027/51;;Magyar Állampapír Plusz N2027/51;HUF;JSON feed url: https://cdn.statically.io/gh/havasd/pp-data/main/mak/mapp_n2027_51.json
MÁPP_N2027/52;;Magyar Állampapír Plusz N2027/52;HUF;JSON feed url: https://cdn.statically.io/gh/havasd/pp-data/main/mak/mapp_n2027_52.json
MÁPP_N2028/01;;Magyar Állampapír Plusz N2028/01;HUF;JSON feed url: https://cdn.statically.io/gh/havasd/pp-data/main/mak/mapp_n2028_01.json
MÁPP_N2028/02;;Magyar Állampapír Plusz N2028/02;HUF;JSON feed url: https://cdn.statically.io/gh/havasd/pp-data/main/mak/mapp_n2028_02.json
MÁPP_N2028/03;;Magyar Állampapír Plusz N2028/03;HUF;JSON feed url: https://cdn.statically.io/gh/havasd/pp-data/main/mak/mapp_n2028_03.json
MÁPP_N2028/04;;Magyar Állampapír Plusz N2028/04;HUF;JSON feed url: https://cdn.statically.io/gh/havasd/pp-data/main/mak/mapp_n2028_04.json
MÁPP_N2028/05;;Magyar Állampapír Plusz N2028/05;HUF;JSON feed url: https://cdn.statically.io/gh/havasd/pp-data/main/mak/mapp_n2028_05.json
MÁPP_N2028/06;;Magyar Állampapír Plusz N2028/06;HUF;JSON feed url: https://cdn.statically.io/gh/havasd/pp-data/main/mak/mapp_n2028_06.json
MÁPP_N2028/07;;Magyar Állampapír Plusz N2028/07;HUF;JSON feed url: https://cdn.statically.io/gh/havasd/pp-data/main/mak/mapp_n2028_07.json
MÁPP_N2028/08;;Magyar Állampapír Plusz N2028/08;HUF;JSON feed url: https://cdn.statically.io/gh/havasd/pp-data/main/mak/mapp_n2028_08.json
MÁPP_N2028/09;;Magyar Állampapír Plusz N2028/09;HUF;JSON feed url: https://cdn.statically.io/gh/havasd/pp-data/main/mak/mapp_n2028_09.json
MÁPP_N2028/10;;Magyar Állampapír Plusz N2028/10;HUF;JSON feed url: https://cdn.statically.io/gh/havasd/pp-data/main/mak/mapp_n2028_10.json
MÁPP_N2028/11;;Magyar Állampapír Plusz N2028/11;HUF;JSON feed url: https://cdn.statically.io/gh/havasd/pp-data/main/mak/mapp_n2028_11.json
MÁPP_N2028/12;;Magyar Állampapír Plusz N2028/12;HUF;JSON feed url: https://cdn.statically.io/gh/havasd/pp-data/main/mak/mapp_n2028_12.json
MÁPP_N2028/13;;Magyar Állampapír Plusz N2028/13;HUF;JSON feed url: https://cdn.statically.io/gh/havasd/pp-data/main/mak/mapp_n2028_13.json
MÁPP_N2028/14;;Magyar Állampapír Plusz N2028/14;HUF;JSON feed url: https://cdn.statically.io/gh/havasd/pp-data/main/mak/mapp_n2028_14.json
MÁPP_N2028/15;;Magyar Állampapír Plusz N2028/15;HUF;JSON feed url: https://cdn.statically.io/gh/havasd/pp-data/main/mak/mapp_n2028_15.json
MÁPP_N2028/16;;Magyar Állampapír Plusz N2028/16;HUF;JSON feed url: https://cdn.statically.io/gh/havasd/pp-data/main/mak/mapp_n2028_16.json
MÁPP_N2028/17;;Magyar Állampapír Plusz N2028/17;HUF;JSON feed url: https://cdn.statically.io/gh/havasd/pp-data/main/mak/mapp_n2028_17.json
MÁPP_N2028/18;;Magyar Állampapír Plusz N2028/18;HUF;JSON feed url: https://cdn.statically.io/gh/havasd/pp-data/main/mak/mapp_n2028_18.json
MÁPP_N2028/19;;Magyar Állampapír Plusz N2028/19;HUF;JSON feed url: https://cdn.statically.io/gh/havasd/pp-data/main/mak/mapp_n2028_19.json
MÁPP_N2028/20;;Magyar Állampapír Plusz N2028/20;HUF;JSON feed url: https://cdn.statically.io/gh/havasd/pp-data/main/mak/mapp_n2028_20.json
MÁPP_N2028/21;;Magyar Állampapír Plusz N2028/21;HUF;JSON feed url: https://cdn.statically.io/gh/havasd/pp-data/main/mak/mapp_n2028_21.json
MÁPP_N2028/22;;Magyar Állampapír Plusz N2028/22;HUF;JSON feed url: https://cdn.statically.io/gh/havasd/pp-data/main/mak/mapp_n2028_22.json
MÁPP_N2028/23;;Magyar Állampapír Plusz N2028/23;HUF;JSON feed url: https://cdn.statically.io/gh/havasd/pp-data/main/mak/mapp_n2028_23.json
MÁPP_N2028/24;;Magyar Állampapír Plusz N2028/24;HUF;JSON feed url: https://cdn.statically.io/gh/havasd/pp-data/main/mak/mapp_n2028_24.json
MÁPP_N2028/25;;Magyar Állampapír Plusz N2028/25;HUF;JSON feed url: https://cdn.statically.io/gh/havasd/pp-data/main/mak/mapp_n2028_25.json
MÁPP_N2028/26;;Magyar Állampapír Plusz N2028/26;HUF;JSON feed url: https://cdn.statically.io/gh/havasd/pp-data/main/mak/mapp_n2028_26.json
MÁPP_N2028/27;;Magyar Állampapír Plusz N2028/27;HUF;JSON feed url: https://cdn.statically.io/gh/havasd/pp-data/main/mak/mapp_n2028_27.json
MÁPP_N2028/28;;Magyar Állampapír Plusz N2028/28;HUF;JSON feed url: https://cdn.statically.io/gh/havasd/pp-data/main/mak/mapp_n2028_28.json
MÁPP_N2028/29;;Magyar Állampapír Plusz N2028/29;HUF;JSON feed url: https://cdn.statically.io/gh/havasd/pp-data/main/mak/mapp_n2028_29.json
MÁPP_N2028/30;;Magyar Állampapír Plusz N2028/30;HUF;JSON feed url: https://cdn.statically.io/gh/havasd/pp-data/main/mak/mapp_n2028_30.json
MÁPP_N2028/31;;Magyar Állampapír Plusz N2028/31;HUF;JSON feed url: https://cdn.statically.io/gh/havasd/pp-data/main/mak/mapp_n2028_31.json
MÁPP_N2028/32;;Magyar Állampapír Plusz N2028/32;HUF;JSON feed url: https://cdn.statically.io/gh/havasd/pp-data/main/mak/mapp_n2028_32.json
MÁPP_N2028/33;;Magyar Állampapír Plusz N2028/33;HUF;JSON feed url: https://cdn.statically.io/gh/havasd/pp-data/main/mak/mapp_n2028_33.json
MÁPP_N2028/34;;Magyar Állampapír Plusz N2028/34;HUF;JSON feed url: https://cdn.statically.io/gh/havasd/pp-data/main/mak/mapp_n2028_34.json
MÁPP_N2028/35;;Magyar Állampapír Plusz N2028/35;HUF;JSON feed url: https://cdn.statically.io/gh/havasd/pp-data/main/mak/mapp_n2028_35.json
MÁPP_N2028/36;;Magyar Állampapír Plusz N2028/36;HUF;JSON feed url: https://cdn.statically.io/gh/havasd/pp-data/main/mak/mapp_n2028_36.json
MÁPP_N2028/37;;Magyar Állampapír Plusz N2028/37;HUF;JSON feed url: https://cdn.statically.io/gh/havasd/pp-data/main/mak/mapp_n2028_37.json
MÁPP_N2028/38;;Magyar Állampapír Plusz N2028/38;HUF;JSON feed url: https://cdn.statically.io/gh/havasd/pp-data/main/mak/mapp_n2028_38.json
MÁPP_N2028/39;;Magyar Állampapír Plusz N2028/39;HUF;JSON feed url: https://cdn.statically.io/gh/havasd/pp-data/main/mak/mapp_n2028_39.json
MÁPP_N2028/40;;Magyar Állampapír Plusz N2028/40;HUF;JSON feed url: https://cdn.statically.io/gh/havasd/pp-data/main/mak/mapp_n2028_40.json
MÁPP_N2028/41;;Magyar Állampapír Plusz N2028/41;HUF;JSON feed url: https://cdn.statically.io/gh/havasd/pp-data/main/mak/mapp_n2028_41.json
MÁPP_N2028/42;;Magyar Állampapír Plusz N2028/42;HUF;JSON feed url: https://cdn.statically.io/gh/havasd/pp-data/main/mak/mapp_n2028_42.json
MÁPP_N2028/43;;Magyar Állampapír Plusz N2028/43;HUF;JSON feed url: https://cdn.statically.io/gh/havasd/pp-data/main/mak/mapp_n2028_43.json
MÁPP_N2028/44;;Magyar Állampapír Plusz N2028/44;HUF;JSON feed url: https://cdn.statically.io/gh/havasd/pp-data/main/mak/mapp_n2028_44.json
MÁPP_N2028/45;;Magyar Állampapír Plusz N2028/45;HUF;JSON feed url: https://cdn.statically.io/gh/havasd/pp-data/main/mak/mapp_n2028_45.json
MÁPP_N2028/46;;Magyar Állampapír Plusz N2028/46;HUF;JSON feed url: https://cdn.statically.io/gh/havasd/pp-data/main/mak/mapp_n2028_46.json
MÁPP_N2028/47;;Magyar Állampapír Plusz N2028/47;HUF;JSON feed url: https://cdn.statically.io/gh/havasd/pp-data/main/mak/mapp_n2028_47.json
MÁPP_N2028/48;;Magyar Állampapír Plusz N2028/48;HUF;JSON feed url: https://cdn.statically.io/gh/havasd/pp-data/main/mak/mapp_n2028_48.json
MÁPP_N2028/49;;Magyar Állampapír Plusz N2028/49;HUF;JSON feed url: https://cdn.statically.io/gh/havasd/pp-data/main/mak/mapp_n2028_49.json
MÁPP_N2028/50;;Magyar Állampapír Plusz N2028/50;HUF;JSON feed url: https://cdn.statically.io/gh/havasd/pp-data/main/mak/mapp_n2028_50.json
MÁPP_N2028/51;;Magyar Állampapír Plusz N2028/51;HUF;JSON feed url: https://cdn.statically.io/gh/havasd/pp-data/main/mak/mapp_n2028_51.json
MÁPP_N2028/52;;Magyar Állampapír Plusz N2028/52;HUF;JSON feed url: https://cdn.statically.io/gh/havasd/pp-data/main/mak/mapp_n2028_52.json
MÁPP_N2029/01;;Magyar Állampapír Plusz N2029/01;HUF;JSON feed url: https://cdn.statically.io/gh/havasd/pp-data/main/mak/mapp_n2029_01.json
MÁPP_N2029/02;;Magyar Állampapír Plusz N2029/02;HUF;JSON feed url: https://cdn.statically.io/gh/havasd/pp-data/main/mak/mapp_n2029_02.json
MÁPP_N2029/03;;Magyar Állampapír Plusz N2029/03;HUF;JSON feed url: https://cdn.statically.io/gh/havasd/pp-data/main/mak/mapp_n2029_03.json
MÁPP_N2029/04;;Magyar Állampapír Plusz N2029/04;HUF;JSON feed url: https://cdn.statically.io/gh/havasd/pp-data/main/mak/mapp_n2029_04.json
MÁPP_N2029/05;;Magyar Állampapír Plusz N2029/05;HUF;JSON feed url: https://cdn.statically.io/gh/havasd/pp-data/main/mak/mapp_n2029_05.json
MÁPP_N2029/06;;Magyar Állampapír Plusz N2029/06;HUF;JSON feed url: https://cdn.statically.io/gh/havasd/pp-data/main/mak/mapp_n2029_06.json
MÁPP_N2029/07;;Magyar Állampapír Plusz N2029/07;HUF;JSON feed url: https://cdn.statically.io/gh/havasd/pp-data/main/mak/mapp_n2029_07.json
MÁPP_N2029/08;;Magyar Állampapír Plusz N2029/08;HUF;JSON feed url: https://cdn.statically.io/gh/havasd/pp-data/main/mak/mapp_n2029_08.json
MÁPP_N2029/09;;Magyar Állampapír Plusz N2029/09;HUF;JSON feed url: https://cdn.statically.io/gh/havasd/pp-data/main/mak/mapp_n2029_09.json
MÁPP_N2029/10;;Magyar Állampapír Plusz N2029/10;HUF;JSON feed url: https://cdn.statically.io/gh/havasd/pp-data/main/mak/mapp_n2029_10.json
MÁPP_N2029/11;;Magyar Állampapír Plusz N2029/11;HUF;JSON feed url: https://cdn.statically.io/gh/havasd/pp-data/main/mak/mapp_n2029_11.json
MÁPP_N2029/12;;Magyar Állampapír Plusz N2029/12;HUF;JSON feed url: https://cdn.statically.io/gh/havasd/pp-data/main/mak/mapp_n2029_12.json
MÁPP_N2029/13;;Magyar Állampapír Plusz N2029/13;HUF;JSON feed url: https://cdn.statically.io/gh/havasd/pp-data/main/mak/mapp_n2029_13.json
MÁPP_N2029/14;;Magyar Állampapír Plusz N2029/14;HUF;JSON feed url: https://cdn.statically.io/gh/havasd/pp-data/main/mak/mapp_n2029_14.json
MÁPP_N2029/15;;Magyar Állampapír Plusz N2029/15;HUF;JSON feed url: https://cdn.statically.io/gh/havasd/pp-data/main/mak/mapp_n2029_15.json
MÁPP_N2029/16;;Magyar Állampapír Plusz N2029/16;HUF;JSON feed url: https://cdn.statically.io/gh/havasd/pp-data/main/mak/mapp_n2029_16.json
MÁPP_N2029/17;;Magyar Állampapír Plusz N2029/17;HUF;JSON feed url: https://cdn.statically.io/gh/havasd/pp-data/main/mak/mapp_n2029_17.json
MÁPP_N2029/18;;Magyar Állampapír Plusz N2029/18;HUF;JSON feed url: https://cdn.statically.io/gh/havasd/pp-data/main/mak/mapp_n2029_18.json
MÁPP_N2029/19;;Magyar Állampapír Plusz N2029/19;HUF;JSON feed url: https://cdn.statically.io/gh/havasd/pp-data/main/mak/mapp_n2029_19.json
MÁPP_N2029/20;;Magyar Állampapír Plusz N2029/20;HUF;JSON feed url: https://cdn.statically.io/gh/havasd/pp-data/main/mak/mapp_n2029_20.json
MÁPP_N2029/21;;Magyar Állampapír Plusz N2029/21;HUF;JSON feed url: https://cdn.statically.io/gh/havasd/pp-data/main/mak/mapp_n2029_21.json
MÁPP_N2029/22;;Magyar Állampapír Plusz N2029/22;HUF;JSON feed url: https://cdn.statically.io/gh/havasd/pp-data/main/mak/mapp_n2029_22.json
MÁPP_N2029/23;;Magyar Állampapír Plusz N2029/23;HUF;JSON feed url: https://cdn.statically.io/gh/havasd/pp-data/main/mak/mapp_n2029_23.json
MÁPP_T_N2029/M1;;Magyar Állampapír Plusz N2029/M1;HUF;JSON feed url: https://cdn.statically.io/gh/havasd/pp-data/main/mak/mapp_t_n2029_m1.json
MÁPP_T_N2029/M2;;Magyar Állampapír Plusz N2029/M2;HUF;JSON feed url: https://cdn.statically.io/gh/havasd/pp-data/main/mak/mapp_t_n2029_m2.json
MÁPP_T_N2029/M3;;Magyar Állampapír Plusz N2029/M3;HUF;JSON feed url: https://cdn.statically.io/gh/havasd/pp-data/main/mak/mapp_t_n2029_m3.json
MÁPP_T_N2029/M4;;Magyar Állampapír Plusz N2029/M4;HUF;JSON feed url: https://cdn.statically.io/gh/havasd/pp-data/main/mak/mapp_t_n2029_m4.json
MÁPP_T_N2029/M5;;Magyar Állampapír Plusz N2029/M5;HUF;JSON feed url: https://cdn.statically.io/gh/havasd/pp-data/main/mak/mapp_t_n2029_m5.json
MÁPP_T_N2029/M6;;Magyar Állampapír Plusz N2029/M6;HUF;JSON feed url: https://cdn.statically.io/gh/havasd/pp-data/main/mak/mapp_t_n2029_m6.json
MÁPP_T_N2029/M7;;Magyar Állampapír Plusz N2029/M7;HUF;JSON feed url: https://cdn.statically.io/gh/havasd/pp-data/main/mak/mapp_t_n2029_m7.json
MÁPP_T_N2030/M1;;Magyar Állampapír Plusz N2030/M1;HUF;JSON feed url: https://cdn.statically.io/gh/havasd/pp-data/main/mak/mapp_t_n2030_m1.json
MÁPP_T_N2030/M2;;Magyar Állampapír Plusz N2030/M2;HUF;JSON feed url: https://cdn.statically.io/gh/havasd/pp-data/main/mak/mapp_t_n2030_m2.json
MÁPP_T_N2030/M3;;Magyar Állampapír Plusz N2030/M3;HUF;JSON feed url: https://cdn.statically.io/gh/havasd/pp-data/main/mak/mapp_t_n2030_m3.json
MÁPP_T_N2030/M4;;Magyar Állampapír Plusz N2030/M4;HUF;JSON feed url: https://cdn.statically.io/gh/havasd/pp-data/main/mak/mapp_t_n2030_m4.json
MÁPP_T_N2030/M5;;Magyar Állampapír Plusz N2030/M5;HUF;JSON feed url: https://cdn.statically.io/gh/havasd/pp-data/main/mak/mapp_t_n2030_m5.json
